item,itemLabel,startDate,endDate,sourceDate,psid
Q16017805,Kandapper Kamalasabayson,1999,2007,2022-07-25,Q16017805-1B033E70-4119-41C3-A1CF-F5BA525F0E99
Q5006779,Chitta De Silva,2007,2008,2022-07-25,Q5006779-8F0FA36C-DDA5-4E25-ABAE-3D74B11902CA
Q6893568,Mohan Peiris,2008,2011,2022-07-25,Q6893568-16DFE64B-7BAB-4D39-9569-20FE675A5391
Q16728872,Eva Wansundera,2011,2012,2022-07-25,Q16728872-191CB4EF-48DF-413E-BEF7-A9A915C5C524
Q7127626,Palitha Fernando,2012-07-17,2014-10-23,2022-07-25,Q7127626-65C71F37-78DC-443F-8408-43CC9A29A393
Q17041467,Yuwanjana Wijayatilake,2014-10-23,2016-01-10,2022-07-25,Q17041467-BC0D47DC-3357-40B0-8346-B7BDE36C6488
Q7635189,Suhada Gamlath,2016-01-10,2016-02-11,2022-07-25,Q7635189-B97877F0-F51D-4E2A-9706-989F8B5D1392
Q60788733,Jayantha Jayasuriya,2016-01-11,2019-04-29,,Q60788733-6D8D1D39-C151-43CE-AC49-E42530CE3845
Q64011220,Dappula de Livera,2019-04-29,2021-05-25,2022-07-25,Q64011220-651000E8-04CB-4669-B295-C5943FD3704D
Q106920046,Sanjay Rajaratnam,2021-05-26,,,Q106920046-A2B4E4D3-34C2-4225-99B7-77C00D642DB1
